CityName,CityType
Smelterville,Business
Peach Creek,Business
Okabena,Leisure
Lebeau,Leisure
Borden,Leisure
Chesapeake Beach,Leisure
Brushvale,Leisure
Bovina,Business
D'Hanis,Business
Iowa Park,Leisure
Wicomico Church,Leisure
Sutersville,Business
East Springfield,Leisure
Keyes,Leisure
Athelstan,Leisure
Fort Montgomery,Business
Isabella,Leisure
Willow Creek,Business
Early Branch,Leisure
McLeansboro,Leisure
Lake Brownwood,Leisure
Canmer,Leisure
South Dartmouth,Leisure
Fittstown,Leisure
Meire Grove,Business
Portola Hills,Business
Plum Springs,Leisure
Mitchellville,Business
San Leanna,Leisure
Brenas,Leisure
Ocean Breeze Park,Leisure
Ash Flat,Business
Rushsylvania,Leisure
Sarcoxie,Leisure
Wyandotte,Leisure
Wolverine,Leisure
Gettysburg,Leisure
Georgia Southern,Leisure
Fort Meade,Leisure
Triplet,Leisure
Pelham Manor,Leisure
Napoleonville,Business
Dalhart,Leisure
Upson,Leisure
Donald,Leisure
Spencer,Leisure
Edwards,Leisure
Blissfield,Leisure
Goochland,Leisure
Gibbs,Business
Shelton,Leisure
Ono,Business
Mathiston,Leisure
Akhiok,Leisure
Hoxie,Leisure
Wawawai,Leisure
Felda,Business
Vaiden,Leisure
Poynette,Business
Sonestown,Business
Idaho Springs,Leisure
Galveston,Leisure
Uhrichsville,Business
Winter Park,Leisure
Avenal,Leisure
Malverne,Business
Parcelas La Milagrosa,Business
Calavo Gardens,Leisure
Meadow Wood,Leisure
Pioneer,Leisure
Millheim,Leisure
Frostproof,Business
Cooperdale,Business
Wales,Leisure
State College,Leisure
Cajah's Mountain,Business
Newaukum,Leisure
Star City,Business
Montour Falls,Business
Ryland Heights,Leisure
Moorewood,Leisure
Scarville,Business
Lutcher,Leisure
Poway,Business
Ritchey,Leisure
Blackmont,Business
Bengal,Business
Tigerton,Leisure
Cory,Leisure
Tulsa,Leisure
Dixie Union,Leisure
Yakima,Leisure
Powhatan Point,Business
Whitesboro,Leisure
Severy,Leisure
Lattasburg,Leisure
Ellwood City,Business
Redwood Falls,Leisure
Robbinsville,Leisure
Wacouta,Business
Soldier,Business
Pardee,Business
Vine Hill,Leisure
Cainsville,Business
Lesley,Leisure
Dixie Union,Leisure
Karnes City,Leisure
Millinocket,Leisure
Johnsondale,Leisure
Tome,Leisure
Malcom,Leisure
Horace,Leisure
Ashley,Leisure
Del Rey Oaks,Leisure
Point Marion,Leisure
Green Lake,Leisure
Wakonda,Business
Brownlee,Business
Lopezville,Business
Citrus Heights,Leisure
Lindley,Leisure
State Road,Business
Angleton,Business
Hainesport,Leisure
Coyville,Leisure
Xenia,Leisure
Young America,Leisure
Schuchk,Leisure
Beatrice,Business
Peralta,Leisure
Southard,Business
Struble,Leisure
Olive,Leisure
Lums Chapel,Leisure
Cady,Leisure
Stanford,Business
Maypearl,Leisure
Piney,Leisure
Powellsville,Business
North Charleroi,Leisure
Dassel,Leisure
Silver Cliff,Leisure
Readland,Leisure
Muenster,Business
Downers Grove,Business
Amistad,Leisure
Rippon,Leisure
Pinetop-Lakeside,Leisure
Chromo,Leisure
Shuqualak,Leisure
Newellton,Leisure
Pueblo West,Business
Grand Junction,Business
Moyers,Leisure
Maxie,Business
Baidland,Leisure
Zarah,Business
Naturita,Business
Lawen,Leisure
Fishkill,Business
Stockertown,Business
Niulii,Leisure
Bay Shore,Leisure
New Lyme Station,Leisure
Tensaw,Business
Hamiltons Fort,Leisure
South Hempstead,Business
Branch Hill,Leisure
Smith Center,Leisure
Sugarcreek,Business
Coldspring,Business
Hawkinsville,Leisure
Cleator,Business
McKinnon,Leisure
Farnham,Leisure
Corn,Leisure
Solana,Leisure
Vanderpool,Leisure
De Valls Bluff,Leisure
Brinson,Leisure
Grayridge,Leisure
Lake Stevens,Leisure
Handley,Leisure
Silverdale,Leisure
Hawthorn,Leisure
San German,Business
Fairmont,Business
Rainsburg,Leisure
Paint Creek,Leisure
Popejoy,Business
Holiday,Leisure
Dry Lake,Leisure
Ramsay,Leisure
Moreno,Business
Montgomeryville,Leisure
Mitchellville,Leisure
Neah Bay,Leisure
Currie,Leisure
Hopkins Park,Leisure
Capitol Heights,Leisure
McDade,Leisure
Moose Creek,Leisure
Beatty,Leisure
Chugiak,Business
San Gregorio,Business
Hidden Valley Lake,Leisure
Long Prairie,Leisure
Snowville,Business
Ben Wheeler,Business
Hanapepe,Business
Nordheim,Leisure
Langston,Leisure
Pinetop-Lakeside,Leisure
Grangerville,Leisure
Grand Falls,Leisure
Dolgeville,Leisure
Blue Diamond,Leisure
North Zulch,Business
Floraville,Business
Terra Bella,Business
Herald,Leisure
Cornville,Leisure
Lukachukai,Business
Possession,Leisure
Clay City,Leisure
Redby,Leisure
Saint Johnsville,Business
Beloit,Business
Haena,Leisure
Shiro,Leisure
Martin's Additions,Leisure
Sarben,Leisure
Socialville,Leisure
Stockham,Leisure
Normantown,Leisure
Ogallala,Business
Hunterdon,Leisure
Zion,Leisure
Richwood,Leisure
Baie de Wasai,Leisure
Blalock,Leisure
Cherry Tree,Leisure
Blennerhassett,Leisure
Hampton Springs,Leisure
Dalkeith,Business
Spackenkill,Leisure
Richville,Business
Gracey,Leisure
Coulee City,Leisure
Parole,Leisure
Gray Mountain,Leisure
Templeton,Leisure
Kelly,Leisure
Milolii,Leisure
Nevada,Leisure
Brecon,Business
Braddyville,Leisure
Chesaw,Leisure
Deer Isle,Leisure
Vesper,Leisure
Juilliard,Leisure
Shasta,Leisure
Glenvil,Leisure
Bucksport,Business
Torrance,Business
Los Gatos,Leisure
Larned,Leisure
New Whiteland,Leisure
Sewickley Heights,Leisure
Tilghman,Leisure
Glen Ellen,Leisure
Glenaire,Leisure
Wedgefield,Leisure
Brothertown,Leisure
Covesville,Leisure
Haddam,Leisure
Airport Drive,Business
Huxley,Business
Seaford,Leisure
Romayor,Business
Grover,Leisure
Babbs,Leisure
Sublimity,Leisure
Vance,Leisure
Marklesburg,Business
Deadwood,Leisure
Kiawah Island,Leisure
Fallis,Business
Taloga,Leisure
Freeland,Leisure
Medaryville,Leisure
Mead,Leisure
Hough,Leisure
Mar-Mac,Leisure
Pulaski,Business
Ivanof Bay,Leisure
Old Washington,Leisure
Rippon,Leisure
Peters,Leisure
Custer City,Business
Oak Level,Leisure
Round Oak,Leisure
Elk River,Business
Wewoka,Leisure
Gulivoire Park,Leisure
Bovey,Business
Cistern,Business
Tillmans Corner,Leisure
Cresskill,Leisure
Olympia Heights,Leisure
Matagorda,Business
Jeffrey,Leisure
Poncha Springs,Leisure
Roslyn Estates,Leisure
Omro,Leisure
Azalea Park,Leisure
Braddock,Leisure
Land O' Lakes,Business
Bay View Garden,Leisure
Lake Village,Leisure
Blue Mound,Leisure
Jackman,Leisure
Gulf Gate Estates,Business
Cascade Valley,Leisure
Sale City,Leisure
Aransas Pass,Leisure
Henrieville,Leisure
East Jordan,Leisure
Prairie Grove,Leisure
Wampsville,Leisure
North Charleroi,Leisure
Moquah,Leisure
Salmon,Leisure
Tigerton,Leisure
Troup,Leisure
Bertha,Leisure
Honalo,Leisure
Bellmead,Leisure
Pettigrew,Business
Floraville,Leisure
Appleton City,Leisure
Hawaiian Ocean View,Leisure
Smoaks,Leisure
Parade,Leisure
Kingsburg,Leisure
Fulks Run,Leisure
Gulf Breeze,Leisure
Post Oak,Leisure
Freeny,Business
Tipp City,Leisure
Kawaihae,Leisure
Glen Ellen,Leisure
Aubrey,Leisure
Mount Jewett,Leisure
Lac La Belle,Leisure
Kettle River,Leisure
Azalea Park,Leisure
Moweaqua,Leisure
Rowlesburg,Business
Marshallberg,Leisure
What Cheer,Leisure
Bentonville,Leisure
Biehle,Leisure
Rancho Rinconada,Leisure
Hewins,Business
Pierpont,Leisure
McIntire,Leisure
South Lineville,Leisure
De Soto,Leisure
Rockford,Leisure
Dedham,Business
Murphysboro,Business
Grenville,Leisure
Peterstown,Leisure
Russell City,Leisure
Wright,Business
Canyon Park,Business
Lakeside,Leisure
Blaine Hill,Leisure
West Green,Leisure
Farrar,Business
Galion,Leisure
New Trier,Leisure
Burgess Junction,Leisure
Mosher,Business
Annona,Business
Saint Pete Beach,Leisure
Desert Hills,Leisure
Mundelein,Business
Rock Creek,Business
Mingus,Business
Grants,Leisure
Telephone,Leisure
Ayden,Leisure
Convoy,Leisure
Canaseraga,Leisure
Rosboro,Leisure
Sardis City,Business
Umapine,Leisure
Ronda,Business
Tupelo,Leisure
Laytonsville,Leisure
Manistique,Leisure
Osman,Business
Cankton,Leisure
Tullahoma,Business
Northway Village,Leisure
Saxtons River,Leisure
Dannemora,Leisure
Oroville,Leisure
Dallastown,Leisure
Troutdale,Leisure
Wise,Leisure
Duck Hill,Leisure
Hesperia,Leisure
Saint John Harbor,Business
Washington Court House,Leisure
Landisburg,Leisure
Kermit,Business
Guntersville,Business
Devon,Leisure
Kipling,Leisure
Shorewood Hills,Leisure
Gadsden,Leisure
Elberon,Business
Cherryville,Business
Blennerhassett,Business
Hydesville,Leisure
Milford Center,Leisure
Big Park,Leisure
Pittwood,Leisure
Coxsackie,Leisure
Hopkinsville,Business
Nathalie,Leisure
Orange Cove,Leisure
Athol,Business
Leipsic,Business
Sauk City,Leisure
Urania,Leisure
Kummer,Business
South Ogden,Business
Niobe,Business
Noma,Business
South Fontana,Leisure
Kiron,Leisure
O'Donnell,Leisure
Cumberland,Leisure
Waimanalo,Business
Valley Hi,Leisure
Saint Augustine Beach,Business
West Hattiesburg,Leisure
Sandow,Leisure
Olivehurst,Business
Sagamore,Leisure
Gunnison,Leisure
Orchard Hills,Leisure
Poquonock Bridge,Leisure
Drake,Leisure
Fort Lauderdale,Leisure
Universal City,Leisure
Teaneck,Business
Hope Mills,Leisure
Chelatna Lodge,Leisure
Branchburg Park,Business
Difficult,Business
Wesson,Leisure
Sioux Center,Business
Pyramid,Leisure
Riverhead,Leisure
Ady,Leisure
Farthing,Business
Viper,Leisure
Winnett,Leisure
Mound Valley,Leisure
Fulton,Leisure
Bolingbrook,Business
Longtown,Leisure
Bressler,Leisure
Rock City,Business
Ibapah,Business
Hayden Row,Business
East Norwich,Business
Kaluaaha,Leisure
Casa Piedra,Leisure
Aptakisic,Leisure
Matthews,Business
Rich Valley,Business
Benoit,Leisure
Havre,Leisure
Gordonville,Leisure
Renfrow,Leisure
Bechyn,Leisure
Lewistown,Leisure
North Wildwood,Business
Felixville,Business
Beowawe,Leisure
Ontario,Leisure
Dunellen,Leisure
Irwinville,Leisure
Susquehanna Trails,Leisure
De Funiak Springs,Leisure
Bandera Falls,Leisure
Pillow,Leisure
Macungie,Business
Storrs,Leisure
La Junta,Leisure
Macedon,Business
Powderhorn,Leisure
Ider,Leisure
Buckman,Leisure
Watters,Leisure
Johnfarris,Leisure
Gulnare,Leisure
Harkeyville,Leisure
Pineville,Business
Ty Ty,Leisure
Gannvalley,Business
Ruth,Leisure
Gamerco,Business
Land O' Lakes,Leisure
Opelika,Business
Tennessee City,Business
Kitts Hill,Leisure
La Pine,Leisure
Maple Bay,Leisure
Arkport,Leisure
Arista,Business
North Wilmington,Leisure
Twin City,Leisure
Buena Ventura Lakes,Leisure
Speed,Leisure
White River Junction,Leisure
Avondale,Leisure
Islen,Business
Aylmer,Leisure
Arendtsville,Leisure
Albuquerque,Leisure
Woodardville,Business
Thayer,Leisure
Menomonee Falls,Leisure
Tschetter Colony,Business
Basye,Leisure
Whittington,Leisure
Meers,Business
Loyalhanna,Leisure
Chatawa,Leisure
Idana,Leisure
Cape May,Leisure
Urbanna,Leisure
Mid Florida Lakes,Business
Skidaway Island,Leisure
Mercer,Business
Speight,Leisure
Holden Heights,Leisure
Steubenville,Business
Uniondale,Leisure
Becida,Leisure
Hackamore,Leisure
Lake Villa,Leisure
Grand Junction,Leisure
Bayou La Batre,Business
Rockville,Leisure
Hochheim,Leisure
Rodet,Leisure
Reidsville,Leisure
Munsey Park,Business
Bay View,Leisure
Plumville,Business
Tschetter Colony,Leisure
New Holland,Leisure
Ellisburg,Leisure
Winnett,Leisure
Yorkville,Leisure
Timberville,Leisure
Miltonvale,Leisure
Hansville,Leisure
Mill Spring,Leisure
Ninaview,Leisure
Weedville,Leisure
Chevy Chase Section Three,Business
Twin Falls,Leisure
Bristow,Leisure
Paguate,Business
Wasco,Business
Minnetrista,Leisure
Gruver,Leisure
Parcelas La Milagrosa,Leisure
East Merrimack,Leisure
West Millgrove,Leisure
Natural Bridge Station,Leisure
Hutsonville,Leisure
Boyne Falls,Leisure
Lake Darby,Leisure
Edgemere,Leisure
Diaz,Business
Ranchos de Taos,Leisure
Lamison,Leisure
Cartago,Business
Simms,Leisure
Brookport,Business
Terral,Leisure
Belle Fourche,Business
Tarlton,Leisure
Colson,Leisure
Carrizo Springs,Leisure
Aladdin,Business
Manor,Leisure
Franklin,Leisure
Dent,Business
Aurora Lodge,Business
Gard,Leisure
Minonk,Leisure
Corozal,Leisure
Butler Beach,Leisure
Hatley,Leisure
Camas,Leisure
Willow Creek,Leisure
Shannon City,Leisure
Tankersley,Leisure
Katy,Leisure
Brighton,Business
West Jefferson,Business
Brevig Mission,Business
Arrey,Leisure
Round Grove,Leisure
Alligator,Leisure
Gabbs,Business
Riddle,Business
Tazewell,Leisure
Stroudsburg,Leisure
Robertson,Leisure
Pillsbury,Leisure
Kempner,Leisure
Earl,Leisure
Columbiaville,Business
Sykesville,Business
Schram City,Leisure
Luttrell,Leisure
Dickens,Leisure
Gallatin,Leisure
Bereah,Leisure
Fountain Run,Leisure
Salome,Leisure
Murrells Inlet,Business
Arnett,Business
Acy,Leisure
Laverne,Leisure
Paris Crossing,Business
Healdton,Business
Harker Heights,Leisure
Wattenberg,Leisure
Gans,Leisure
Bonney Lake,Leisure
Buckatunna,Business
Hidden Valley,Leisure
Timken,Leisure
Lake Park,Leisure
Burley,Leisure
Logandale,Leisure
Lake Brownwood,Leisure
Eagleton Village,Leisure
Wrightsville Beach,Leisure
Rosebush,Leisure
Rough Rock,Leisure
Citrus Heights,Leisure
McKinney,Leisure
Country Club,Business
Smolan,Business
Dieterich,Leisure
Beverly Hills,Leisure
Missouri Valley,Leisure
Reydon,Leisure
Atwood,Leisure
Leonia,Leisure
Bakerstown Station,Leisure
North Wales,Leisure
Firthcliffe,Leisure
Jemez Pueblo,Leisure
Landing,Leisure
Maumee,Business
Winterboro,Leisure
Albany,Leisure
Moriarty,Leisure
Floris,Leisure
Pixley,Leisure
Bock,Leisure
Pittsville,Leisure
Pimento,Leisure
Barbourville,Business
Joanna,Business
Rockwell City,Leisure
West Middletown,Business
Adamsville,Leisure
Dewy Rose,Business
Upper Brookville,Leisure
Lanesboro,Leisure
Angel Fire,Business
Fristoe,Leisure
Johns,Leisure
Berwyn Heights,Leisure
Garden City,Business
Holmes City,Leisure
Garnavillo,Leisure
Creelsboro,Leisure
Hortonville,Leisure
Friday Harbor,Business
Austin,Business
Pine Crest,Leisure
Harriston,Leisure
Cashmere,Leisure
Leasburg,Business
Powderville,Business
Terry,Leisure
Kirksville,Business
Arm,Business
Narka,Leisure
Conrad,Leisure
Wagram,Leisure
Cuyamungue,Leisure
Clarendon Hills,Leisure
Fort Bidwell,Leisure
Rosboro,Leisure
Starkville,Leisure
Green Valley,Leisure
Platte Woods,Leisure
Morrice,Business
Laclede,Leisure
Edison,Business
Possession,Leisure
Dubois,Leisure
Sanak,Leisure
Annamoriah,Leisure
Euren,Leisure
Ravinia,Leisure
Bowdon,Leisure
Parkerton,Leisure
Dayton,Leisure
Miami Beach,Leisure
Shell Valley,Business
Swinomish Village,Leisure
Padroni,Leisure
Lusk,Business
Mill Creek,Leisure
Antone,Leisure
Bluff,Leisure
Lancaster,Business
Woodmere,Leisure
Palenville,Business
Ranlo,Leisure
Dellslow,Business
Seward,Leisure
Elk Hill,Business
Enosburg Falls,Business
Clifford,Leisure
Roosevelt Park,Leisure
San Luis Rey,Leisure
Forest Acres,Business
New Bloomington,Leisure
Buckholts,Business
Clay Village,Leisure
Perote,Business
Greenlawn,Leisure
Atchison,Business
Yardville,Leisure
Asbury Lake,Leisure
Seabrook Farms,Leisure
Dickens,Leisure
Cameron,Leisure
Glyndon,Business
Van Horn,Business
Cane Valley,Leisure
Alvordton,Leisure
Macungie,Leisure
Destin,Leisure
Osseo,Leisure
Brinsmade,Business
New Columbus,Leisure
Bakersfield,Leisure
Robertsville,Leisure
Lucero,Leisure
Wellman,Leisure
Balmorhea,Leisure
Dorseyville,Leisure
Foard City,Leisure
Lindstrom,Business
Neilton,Leisure
Wall Lake,Business
Sandia Heights,Business
Pretty Prairie,Business
Tovey,Leisure
Hebbville,Business
Leighton,Leisure
Priddy,Leisure
Paris Crossing,Leisure
Morganville,Leisure
Cantwell,Leisure
Clara,Business
Amelia,Leisure
Mescalero,Business
Maxwell,Business
Biloxi,Business
Moorestown,Leisure
Shelton,Business
Homerville,Business
Chilton,Leisure
Normangee,Leisure
Shelburne Falls,Leisure
Ambridge Heights,Leisure
Orchid,Leisure
Colchester,Leisure
Flossmoor,Leisure
Isle Au Haut,Business
Callensburg,Leisure
Lake Elmo,Business
Hemlock,Leisure
Fallsington,Leisure
Brenda,Business
Steger,Business
Mount Leonard,Leisure
Worthington,Leisure
Caseville,Leisure
Sewal,Leisure
Valdosta,Leisure
Batesland,Leisure
Hull,Leisure
Pfeifer,Business
Heavener,Leisure
Albertville,Leisure
Penasco,Business
Green Hill,Leisure
Mount Fern,Leisure
Fox Point,Leisure
Flanagan,Leisure
Keeneland,Leisure
Spraberry,Leisure
West Okoboji,Leisure
Rensselaer,Leisure
Black Fork,Leisure
South Middletown,Leisure
Crosstown,Leisure
Castle Valley,Leisure
Foreston,Business
Lance Creek,Leisure
Keenan,Business
Catonsville,Leisure
Seal Rock,Leisure
New Haven,Leisure
Round Pond,Leisure
Bingham Lake,Business
Country Club Trail,Business
Anguilla,Leisure
Clarks,Business
Stoneboro,Leisure
Sarasota Springs,Leisure
Tennent,Leisure
Nisqually,Leisure
Swissvale,Leisure
Smithton,Leisure
Hamler,Leisure
Lavalette,Leisure
Boss,Leisure
Carlin,Leisure
Copley,Leisure
North Westminster,Business
De Berry,Leisure
Indian Head,Leisure
Silver Plume,Business
War Eagle,Leisure
Colbert,Business
Wessington Springs,Leisure
Cascade Locks,Leisure
Coraopolis,Leisure
Pemberton Heights,Leisure
Friend,Leisure
Lamy,Leisure
Belt,Leisure
Walum,Business
Wilbur,Business
Lithia Springs,Leisure
Pagedale,Leisure
Dallas City,Business
Kirkville,Business
Fort Wingate,Leisure
Giles,Leisure
Tamaqua,Leisure
Mendota,Leisure
Brunsville,Leisure
Sand Coulee,Leisure
Ochoa,Leisure
Rushford Village,Leisure
Mentor,Business
Potter Lake,Business
Brilliant,Leisure
Cave Creek,Leisure
Pathfork,Business
Falfurrias,Leisure
Alley,Leisure
Sunshine,Leisure
Chesapeake Ranch Estates,Leisure
Larchmont,Leisure
Severna Park,Leisure
Milesburg,Business
Owen,Leisure
Blumenthal,Leisure
Jewell Junction,Leisure
Archdale,Business
East Branch,Leisure
Princeton,Leisure
Seven Springs,Leisure
Thayne,Leisure
McKinleyville,Leisure
Chilton,Leisure
Enville,Leisure
West Kingston,Leisure
Cottonwood Point,Leisure
Bridgehampton,Leisure
Cardiff-by-the-Sea,Leisure
Kings Park,Leisure
Mullin,Leisure
Larslan,Leisure
Prompton,Leisure
Laingsburg,Business
Isleton,Leisure
Waipahu,Business
False Pass,Leisure
Park Hill,Business
Bainbridge,Leisure
Dolgeville,Business
Hayesville,Leisure
Walbridge,Business
Hamilton City,Leisure
Palomas,Business
Scotland,Leisure
Belmond,Leisure
Brenas,Leisure
Port Saint Lucie,Leisure
Hazlet,Leisure
Atomic City,Leisure
Mount Prospect,Leisure
Balaton,Leisure
Garwin,Business
Rocky Mound,Leisure
Sutter,Leisure
Saint Augustine Beach,Leisure
Meyers,Leisure
Gladewater,Business
Monee,Leisure
Cherokee Falls,Leisure
Seaside,Leisure
Nucla,Leisure
Hampton Bays,Business
Lava Hot Springs,Leisure
Old Bennington,Leisure
Ardenvoir,Leisure
Enosburg Falls,Leisure
Hecla,Leisure
Calais,Business
Waimanalo,Leisure
Racine,Leisure
Bethel Park,Business
Fallon,Leisure
Riner,Business
Chestnut Ridge,Leisure
New Stuyahok,Leisure
Tolna,Leisure
Petrolia,Leisure
Ellport,Leisure
Valdosta,Leisure
Boynton,Business
Alleman,Leisure
Yucca Valley,Leisure
Niulii,Leisure
Mount Sinai,Business
Manassas,Leisure
Socastee,Business
Arivaca,Business
Modeste,Leisure
Jonesboro,Leisure
Pajaros,Leisure
Joiner,Business
Delmar,Leisure
West Decatur,Leisure
Lavonia,Business
Toyah,Business
Clear Lake City,Leisure
Vander,Leisure
Emmorton,Leisure
Grimsley,Leisure
Yates Center,Leisure
Sun River Terrace,Leisure
Redington,Business
Levering,Leisure
Sundown,Business
Saint Helens,Leisure
Gans,Leisure
Pray,Leisure
Acworth,Leisure
Blue Creek,Leisure
Towson,Leisure
Morganville,Leisure
Merwin,Leisure
Mitchellsville,Leisure
Lamasco,Leisure
Alstown,Business
South Valley Stream,Leisure
Tichnor,Leisure
Gerlach,Leisure
Niles,Leisure
Mekoryuk,Leisure
Teigen,Business
Mineral Bluff,Leisure
Hammondville,Leisure
Horton,Leisure
Lake City,Leisure
Smith Village,Leisure
Old Shawneetown,Leisure
Huey,Leisure
Saint Michaels,Leisure
Home,Leisure
Cross,Leisure
Horn,Leisure
Kendall Park,Leisure
Manley,Leisure
Bazile Mills,Leisure
Dallas,Leisure
Bowleys Quarters,Business
Monument Beach,Leisure
Reading,Leisure
Greenlawn,Leisure
Douglass,Business
Elrosa,Leisure
Sylvania,Leisure
Husser,Business
Caineville,Leisure
Crete,Leisure
Deemston,Leisure
Jessieville,Leisure
Cosby,Leisure
West Pelzer,Leisure
Elfrida,Leisure
Jingo,Leisure
Honomu,Leisure
Sissonville,Leisure
Parkland,Leisure
Belle Prairie City,Leisure
Rocky Fork,Leisure
Wenden,Leisure
McGraw,Leisure
Lititz,Business
Orem,Leisure
Sellers,Leisure
Brooks,Business
Arbyrd,Leisure
Altamont,Business
Cranford,Business
Dry Run,Leisure
Mangham,Leisure
Kitty Hawk,Leisure
Fannettsburg,Business
Cook Station,Leisure
Happy Jack,Leisure
Northwoods Beach,Leisure
Crystal Lawns,Leisure
Addy,Leisure
Groton,Business
Truchas,Leisure
Clarenceville,Leisure
Staplehurst,Leisure
North Chili,Business
Naperville,Leisure
Whippany,Leisure
Culver,Leisure
Mineral City,Business
Kinter,Business
Boyes Hot Springs,Leisure
Mascoutah,Leisure
Shade,Leisure
Tehama,Business
Deer Trail,Business
Westwood,Leisure
Leming,Leisure
Hunters Hollow,Leisure
Elkland,Leisure
South New Berlin,Leisure
McLeod,Leisure
Gabbettville,Leisure
Dandridge,Leisure
Pompano Beach Highlands,Leisure
Arispe,Leisure
Sugar Bush,Business
Leesport,Business
De Lancey,Leisure
Buckhead,Leisure
Valkaria,Leisure
Merrillan,Leisure
Vincennes,Leisure
Napa,Leisure
Villisca,Leisure
Keenesburg,Leisure
La Parguera,Leisure
Kapalua,Leisure
Wann,Leisure
Schaumburg,Leisure
Los Osos,Leisure
Callery,Business
Flagstaff,Leisure
Polo,Leisure
Fort Benton,Leisure
North Hornell,Leisure
Windsor Heights,Leisure
Sparlingville,Business
Verdon,Business
Bellemont,Leisure
Horseshoe Bay,Business
Deport,Business
Breese,Leisure
East Tawakoni,Leisure
Colesburg,Business
Stanardsville,Leisure
Belvedere,Leisure
Nappanee,Leisure
Greenwood Village,Leisure
Union Grove,Business
Twin Hills,Business
McVeigh,Leisure
Highland Mills,Leisure
New Houlka,Leisure
Croom,Leisure
Jemison,Business
Grenola,Leisure
Viburnum,Business
Emsworth,Leisure
Susan,Business
Soldier Pond,Leisure
Port Matilda,Business
New Summerfield,Leisure
Oakvale,Leisure
Alquina,Business
Jauca,Leisure
Lake Pleasant,Leisure
Ursina,Leisure
Carl,Leisure
Corral City,Leisure
Faucett,Leisure
Richwood,Leisure
Gunlock,Business
Tupper Lake,Business
Pleasant Hope,Leisure
Banner Hill,Leisure
Carpentersville,Business
Quinnimont,Leisure
Hartley,Leisure
Paragon,Business
Sulphurdale,Leisure
Village of Tiki Island,Leisure
Doole,Leisure
Woodstock,Business
Ecru,Leisure
Ahoskie,Leisure
Olney Springs,Leisure
Athalia,Leisure
Rhineland,Leisure
East Danville,Business
Maunie,Leisure
Lyon Mountain,Leisure
Delmar,Leisure
Big Coppitt Key,Business
Mount Calm,Leisure
Guide Rock,Leisure
Cowarts,Leisure
Wyckoff,Business
Crystal River,Leisure
Adgateville,Business
Lahaina,Leisure
De Funiak Springs,Business
Wainwright,Business
Harris Hill,Business
Biddle,Business
Black Gap,Leisure
Pell Lake,Leisure
Fallsington,Leisure
Coyle,Leisure
Folcroft,Business
Busby,Leisure
Conger,Leisure
Tivoli,Leisure
Austell,Leisure
Millstone,Leisure
Weber,Leisure
Mission Bay,Leisure
Josephville,Leisure
Sweet Air,Leisure
Cedarburg,Business
Sterling Forest,Leisure
Hersey,Leisure
Cotuit,Business
Angola,Leisure
Spaceport City,Leisure
Grantfork,Leisure
Flint,Leisure
Hickson,Leisure
Ellsinore,Business
Rough Rock,Leisure
Dorset,Leisure
Wadley,Business
Taft Heights,Leisure
Lima,Leisure
Bock,Leisure
Kress,Leisure
Northwest Harbor,Leisure
Comfort,Leisure
Wind Lake,Leisure
Mathias,Business
Bajandas,Leisure
Northwye,Leisure
Vestaburg,Leisure
Barracks,Business
Richview,Business
Bay Village,Leisure
Port Vincent,Leisure
Cayuga,Business
Longview,Leisure
Portsmouth,Business
Lake Ronkonkoma,Leisure
Mound City,Business
McBain,Leisure
McCoys Corner,Leisure
Tendal,Leisure
Bazile Mills,Leisure
Parkwood,Business
Croton,Business
Tornillo,Leisure
Wood Dale,Leisure
Ingersoll,Leisure
Atsion,Business
White Stone,Business
Ewing,Business
Arletta,Business
Mahtowa,Business
Amy,Business
Dacoma,Leisure
Mount Judea,Leisure
Muscle Shoals,Leisure
Randlett,Leisure
Coleman,Leisure
Laud,Leisure
South Mansfield,Leisure
Unionville Center,Leisure
Manson,Leisure
Cold Springs,Leisure
Martins Mill,Leisure
San German,Leisure
Haverstraw,Leisure
Greeneville,Leisure
Keenes,Business
Barker,Leisure
Spooner,Leisure
Okolona,Leisure
Chunchula,Business
Scissors,Business
Smith Valley,Leisure
Vandergrift,Business
Eldora,Business
Edler,Leisure
Deseret,Leisure
Birch River,Leisure
Archville,Leisure
Big Delta,Leisure
Kopperston,Leisure
Yelm,Business
Spofford,Leisure
Texline,Business
Grand Ecore,Leisure
Shingle Springs,Business
Baie de Wasai,Leisure
Prado Dam,Leisure
Rex,Leisure
Carytown,Business
Grays Prairie,Business
Malvern,Leisure
Arrow Point,Leisure
Vanderbilt,Leisure
Urbanna,Leisure
Fairhope,Leisure
Hartford,Leisure
Middlefield,Business
Gasquet,Leisure
Wamsutter,Leisure
Spragueville,Leisure
Madisonville,Leisure
Lavon,Business
Mound City,Leisure
Morstein,Business
Bressler,Leisure
Gillett Grove,Business
Prescott Valley,Business
Denning,Leisure
Manley Hot Springs,Leisure
Flomot,Leisure
Jonesboro,Business
Gosport,Business
Knob Noster,Leisure
Covelo,Leisure
Chalfant,Business
Bernardsville,Leisure
Mershon,Leisure
San Andreas,Leisure
Blaine,Leisure
North Hill,Leisure
De Funiak Springs,Leisure
Locust Corner,Leisure
Matanuska,Business
Gilbert,Business
New Kent,Leisure
Fredericktown,Leisure
Eufaula,Leisure
Wever,Leisure
Dix,Leisure
Marblemount,Leisure
Swainsboro,Leisure
Claryville,Leisure
Tamaroa,Leisure
Lilliwaup,Leisure
Alakanuk,Leisure
Nixon,Leisure
Toyah,Business
Shelburne,Leisure
Wattsville,Business
Wells Branch,Leisure
DeMotte,Leisure
Milligantown,Leisure
Mellin,Leisure
Bonney,Leisure
Poth,Business
Griffithville,Leisure
Telephone,Leisure
Glen Lyn,Leisure
Big Sandy,Business
Myra,Leisure
Hallock,Leisure
Bois D'Arc,Leisure
New Rockford,Business
Dateland,Leisure
Keomah Village,Leisure
Fryburg,Business
Nassawadox,Leisure
Yantis,Leisure
Midwest City,Leisure
Bethany,Leisure
Quebrada,Business
Prinsburg,Leisure
Cherrywood Village,Business
Bryceland,Leisure
Elkins,Leisure
Kahlotus,Leisure
Yewed,Leisure
Holly Grove,Leisure
Blue Mountain,Business
Lord,Business
Albert,Leisure
Martha Lake,Leisure
Camp Wood,Leisure
Murphy City,Leisure
Accord,Leisure
Sister Bay,Leisure
Dailey,Leisure
Potala Pastillo,Leisure
Berry,Leisure
Gause,Leisure
Clinchco,Business
Blackton,Leisure
Natalia,Business
Vicco,Leisure
Grand View-on-Hudson,Business
Moclips,Business
Port Norris,Leisure
Busby,Leisure
Saulsbury,Leisure
Pilar,Leisure
Penn Yan,Leisure
White Pine,Leisure
South Fontana,Leisure
Del Rey Oaks,Leisure
East Cleveland,Leisure
New Carrollton,Leisure
Green Lake,Business
Pekin,Leisure
Solvang,Leisure
Nesika Beach,Leisure
Rayle,Business
Forbing,Leisure
East Palo Alto,Leisure
Ferrellsburg,Leisure
Brightwood,Leisure
Latexo,Leisure
Chualar,Business
Telogia,Business
Port Austin,Leisure
Koontz Lake,Leisure
Talley Cavey,Leisure
Washington,Business
Santa Monica,Leisure
Charles Town,Business
East Grand Forks,Business
Gulf Shores,Leisure
Fairton,Leisure
Deerton,Leisure
Moxley,Leisure
Golden Glades,Leisure
Noel,Business
Porum,Leisure
Green Valley,Leisure
Cinnaminson,Business
Arney,Leisure
Long Pine,Leisure
Flint Hill,Business
Kahlotus,Leisure
Parkin,Leisure
Glens Falls,Leisure
Dobson,Leisure
Gallaway,Leisure
Mabscott,Leisure
Jessieville,Business
West Lebanon,Leisure
Comanche,Leisure
Wendover,Business
Mount Carmel,Leisure
Grand Detour,Leisure
Homosassa,Leisure
Bens Run,Leisure
Jansen,Business
Shoemakersville,Leisure
Deltaville,Leisure
Salus,Leisure
Hunters,Leisure
Tigerton,Business
Horseshoe Bend,Leisure
Wild Horse,Leisure
Bonifay,Business
Saint Marks,Business
Hanford,Leisure
Vinita Terrace,Leisure
Benndale,Leisure
Las Ochenta,Leisure
La Conner,Leisure
Del Valle,Leisure
Gillett,Leisure
New Harmony,Leisure
Madden,Business
Goodsprings,Business
Little Mountain,Leisure
Mount Nebo,Leisure
Warba,Leisure
Everest,Business
Indian River Estates,Leisure
Munsey Park,Leisure
Cottonwood,Leisure
Angel Fire,Leisure
Wrightsville Beach,Leisure
Homer,Leisure
North Epworth,Business
Cathedral City,Business
Protem,Leisure
Glenshaw,Leisure
West Chatham,Leisure
Tunnel Springs,Business
Onawa,Leisure
Hooven,Leisure
Rollingwood,Leisure
South Boston,Business
Mucarabones,Leisure
Smalleytown,Leisure
Mobile,Business
Princeville,Leisure
Port Ashton,Business
Yucca Valley,Business
Patagonia,Leisure
Tresckow,Leisure
Carrolltown,Leisure
Larose,Leisure
Oakesdale,Leisure
Gold Point,Leisure
Mount Baldy,Leisure
Artesian,Business
Sadorus,Business
Amoret,Leisure
Port Costa,Leisure
White Center,Leisure
Godwinsville,Leisure
San Marcial,Business
Winterboro,Leisure
Monetta,Leisure
Carterville,Business
Callicoon,Leisure
Fayette City,Leisure
Toast,Leisure
Prairie Hill,Leisure
Learned,Leisure
Martinsville,Business
Staplehurst,Leisure
Dew,Business
Alder,Leisure
Albert Lea,Leisure
Rockville,Leisure
Fernandina Beach,Business
Welshfield,Leisure
Grand Canyon,Leisure
Ben Lomond,Leisure
Jungo,Leisure
Blackfoot,Business
Washtucna,Business
McCarthy,Business
Ree Heights,Leisure
Pueblito del Rio,Business
Morven,Leisure
Still River,Leisure
Wind Point,Leisure
Tull,Business
Columbine Valley,Leisure
Waimalu,Leisure
Blackfoot,Leisure
Covesville,Business
Gail,Leisure
Fairfax,Leisure
Bankston,Business
Kasota,Leisure
Eastville,Leisure
Bolckow,Leisure
Seagrove Beach,Leisure
Alliance,Business
Edwards,Leisure
South San Francisco,Leisure
Linndale,Leisure
Rosiclare,Business
Drakesville,Leisure
Knights Landing,Leisure
West Linn,Business
Fernway,Business
Yakima,Leisure
Naperville,Leisure
Hester,Leisure
Hartford,Leisure
Cassadaga,Leisure
Olin,Business
Coconino,Leisure
Marble,Leisure
Bellechester,Leisure
Holly Beach,Leisure
Nevada City,Leisure
Peach Creek,Leisure
Las Cruces,Business
Kalaheo,Leisure
Stapleton,Leisure
East Harwich,Leisure
Los Molinos,Leisure
Lake Stevens,Leisure
Annandale,Leisure
Havre,Leisure
Aspen,Leisure
Hewlett Neck,Leisure
Albert City,Leisure
Garland,Leisure
Neubert,Leisure
Graysville,Leisure
Wampum,Leisure
Winnsboro Mills,Business
Western,Leisure
Boca Grande,Leisure
Merritt,Business
Cross,Leisure
Media,Leisure
Homosassa,Leisure
Garretson,Leisure
Cannon Ball,Business
Deschutes River Woods,Leisure
Rosburg,Leisure
Wellington,Leisure
Clear Lake City,Leisure
Swiftwater,Leisure
Riverbank,Leisure
Naylor,Leisure
Pecos,Leisure
Briceland,Leisure
Tolbert,Leisure
Oakford,Leisure
Readington,Leisure
New Elliott,Leisure
Salus,Business
Canyonville,Business
Charlotte Hall,Business
Hyampom,Leisure
Entiat,Business
Waretown,Leisure
Greasewood,Leisure
Urbank,Business
Oak Beach,Leisure
Montana,Business
Epworth Heights,Leisure
Sobieski,Business
Amherst,Leisure
Springs,Business
Elephant Butte,Leisure
Eldorado at Santa Fe,Business
Friesland,Business
Eldorado,Leisure
Sledge,Business
High Landing,Business
Aguanga,Leisure
Flo,Leisure
Allyn,Leisure
Perdiz,Business
Boulevard Park,Leisure
Westborough,Business
Monteith,Business
Talbott,Leisure
Eutawville,Leisure
Rural Valley,Leisure
North Fork,Business
Wessington Springs,Leisure
Pemberton,Business
Shelbina,Leisure
Crary,Leisure
West De Land,Leisure
Deep River,Leisure
Rochert,Leisure
Vancouver,Leisure
South Hill,Leisure
Warden,Leisure
Kanosh,Business
Holly Hill,Leisure
Lohrville,Leisure
Sedco Hills,Business
Leeds,Business
Princeton Junction,Business
South Amboy,Leisure
State Bridge,Leisure
Bluffs,Business
Willamina,Leisure
Rochert,Leisure
Chesterhill,Business
Black Springs,Leisure
Sebring,Leisure
Dundarrach,Leisure
Shiloh,Leisure
Waucousta,Business
Chapel Hill,Leisure
West Laurel,Leisure
University Place,Leisure
New Hyde Park,Leisure
Nellie,Leisure
Prestonsburg,Leisure
Titusville,Leisure
Crabapple,Business
Rickardsville,Business
Peach Springs,Leisure
Shady Side,Leisure
Aceitunas,Leisure
Orfordville,Leisure
Alapaha,Business
French Island,Leisure
Saint Paul,Business
Melrose Park,Business
Virginia,Leisure
Mustang Ridge,Leisure
Bluff Dale,Leisure
South Lagrange,Leisure
Effingham,Leisure
Hereford,Business
Dickens,Leisure
Northwest,Leisure
Little Flock,Business
Coulee,Leisure
Econfina,Business
Value,Leisure
Carolina Beach,Leisure
Naponee,Leisure
Mulberry Grove,Leisure
Melvin,Leisure
South Sarasota,Leisure
Hotchkiss,Leisure
Old Harbor,Leisure
Ricketts,Leisure
South Coventry,Leisure
Adelanto,Leisure
Shawnee,Leisure
Nowlin,Leisure
Mathias,Leisure
Chamblee,Business
Snowville,Leisure
Brackenridge,Leisure
Guaynabo,Leisure
Shullsburg,Leisure
Chilton,Business
Freer,Leisure
Ridge Farm,Leisure
Bevis,Leisure
Mount Jewett,Business
Swatara,Leisure
Sanak,Leisure
Haddock,Leisure
Liberty Hill,Business
Montville,Leisure
Dinosaur,Business
Nemah,Leisure
Eastland Heights,Leisure
Willow City,Leisure
Carmel Valley Village,Business
Avery,Leisure
Rineyville,Leisure
Detonti,Leisure
Park Rapids,Leisure
Milnor,Leisure
Kellerton,Leisure
Domestic,Business
Lake Clear,Business
Fitzgerald,Leisure
Hightstown,Leisure
Glen Hope,Leisure
Bernecker,Leisure
Lake Clear,Leisure
Elsmere,Business
Jewell,Leisure
Jaroso,Leisure
Oliver Springs,Leisure
Benchland,Leisure
Big Bar,Business
Threelinks,Leisure
Atlantic Beach,Business
Batesburg,Leisure
Green Rock,Leisure
Kandiyohi,Business
Tiller,Leisure
Baywood,Leisure
Mobile,Leisure
Casnovia,Leisure
Swift Falls,Business
Medon,Leisure
Paulsboro,Leisure
Baskett,Leisure
Manitowoc,Business
Jacumba,Leisure
Saint Helena,Business
Patchogue,Business
Gilford Park,Business
Kittanning,Leisure
Shannon Hills,Leisure
Highlandville,Leisure
North Tewksbury,Leisure
Frankenmuth,Leisure
Gainesboro,Leisure
Yorklyn,Leisure
Lamboglia,Leisure
Sully,Leisure
Hallam,Business
Coffeeville,Leisure
Marion,Leisure
Glancy,Leisure
Millers Landing,Leisure
Gasport,Leisure
McWilliams,Leisure
Merkel,Business
Mi-Wuk Village,Leisure
Hustler,Leisure
Otego,Business
Mormon Lake,Leisure
Quinnimont,Business
Scotia,Leisure
Rockbridge,Leisure
Prospect Heights,Business
Miner,Leisure
Aid,Business
Campton,Leisure
Massanutten,Business
Bella Vista,Business
Mesquite,Business
South Williamson,Business
Kackley,Leisure
Lake View,Leisure
Marianna,Leisure
Patmos,Leisure
Donalsonville,Leisure
Weippe,Leisure
Gainesville,Leisure
Bartonsville,Business
Montgomery City,Leisure
Santiago,Leisure
Old Tappan,Leisure
Factoryville,Leisure
Kolin,Business
Antimony,Leisure
El Lago,Leisure
Hettinger,Business
Canfield,Business
Chinquapin,Leisure
Fairview Park,Leisure
Owensburg,Leisure
Barberton,Leisure
Ocean Springs,Leisure
Clifford,Leisure
West Falmouth,Business
Edmundson,Leisure
Lisman,Leisure
Whitestown,Leisure
Vaughn,Leisure
Gurdon,Business
Stanton,Business
Hamlin,Business
Coleridge,Leisure
Angwin,Business
Leachville,Leisure
Pottsgrove,Business
Rib Mountain,Leisure
Coahoma,Business
Prunedale,Leisure
Centre,Leisure
Tougaloo,Leisure
Rufus,Leisure
Hanahan,Leisure
Buffalo Grove,Leisure
Hinson,Leisure
Ollie,Leisure
Pagosa Junction,Leisure
El Dorado Hills,Leisure
Wesleyan,Business
Star,Business
Oakshade,Leisure
Vintondale,Leisure
Boncarbo,Leisure
Flagstaff,Leisure
Herman,Leisure
Spring Place,Leisure
Dunedin,Leisure
Port Sewall,Leisure
Cass Lake,Leisure
Hulah,Business
Island View,Leisure
Reese,Leisure
Finlay,Leisure
Shambaugh,Leisure
Tukwila,Leisure
Clyattville,Leisure
Proctorville,Leisure
West Mystic,Leisure
Murphys,Leisure
Duck Hill,Leisure
Bon Meade,Leisure
Bogata,Leisure
Clara,Leisure
Sherrodsville,Business
North Atlanta,Leisure
Hedwigs Hill,Business
Bridgewater,Leisure
Huey,Leisure
Aline,Leisure
Lawai,Leisure
Atwood,Leisure
Quinnimont,Leisure
Bruceton,Business
Paint Creek,Business
State Center,Leisure
Savage,Business
Berville,Business
Macland,Leisure
Moline,Leisure
Chehalis,Leisure
Edgemere,Leisure
Scarville,Leisure
Vesper,Leisure
Lake Dallas,Leisure
Jacobs,Leisure
Catasauqua,Business
Sadorus,Leisure
Cooper City,Leisure
Hobson,Business
Laud,Leisure
Farmington,Leisure
Paxtonia,Leisure
Rhea,Business
Scanlon,Leisure
Buffalo Springs,Leisure
Galien,Business
Yardley,Leisure
Collinwood,Leisure
Hebardville,Leisure
Piney View,Leisure
City Terrace,Leisure
Green Pond,Leisure
Roachtown,Leisure
Duson,Leisure
Willow Park,Leisure
Bourbon,Business
Leupp Corner,Business
Marklesburg,Business
Westover,Leisure
Formoso,Leisure
Cebolla,Leisure
Fort Davis,Leisure
Lovilia,Leisure
Mountain Grove,Business
Bonetraill,Leisure
Mars Hill,Business
Sea Isle City,Leisure
Kosse,Business
Yalaha,Business
West Hills,Leisure
Hull,Leisure
Sarversville,Leisure
Oriskany Falls,Leisure
Druid Hills,Leisure
Farmersville,Leisure
Peterborough,Business
Bondad,Leisure
Woodway,Business
Empire City,Leisure
Salamatof,Leisure
Ava,Leisure
Eliot,Leisure
Lolita,Business
Bountiful,Business
Sullivan City,Leisure
Paton,Business
Eastlawn Gardens,Leisure
Dayton Lakes,Business
Nestorville,Leisure
South Kensington,Leisure
Meadowbrook,Business
Montgomery City,Business
Mentmore,Leisure
Bridgewater,Leisure
Willhoit,Business
Fort Belknap,Business
Spearville,Leisure
Roll,Leisure
Severna Park,Leisure
Southbridge,Leisure
Kirklin,Business
North Springfield,Business
West Ferriday,Business
Moffat,Leisure
Loup City,Leisure
Foreston,Leisure
Mount Berry,Leisure
Catheys Valley,Leisure
Waukegan,Business
Wyaconda,Leisure
New Lyme Station,Leisure
Cedar Vale,Leisure
Franksville,Business
Truth or Consequences,Leisure
Des Moines,Leisure
Disney,Business
Morocco,Leisure
Brandon,Leisure
Blain,Leisure
Hooven,Leisure
El Negro,Leisure
Eatons Neck,Business
Grass Lake,Leisure
Owenton,Leisure
Boynton,Leisure
Port Neches,Leisure
Lake Dallas,Leisure
Brecksville,Business
Driggs,Leisure
Patch Grove,Leisure
Waialee,Business
Winterville,Leisure
Pajaro,Leisure
Lagunitas,Leisure
Downey,Business
Gardendale,Leisure
Lattingtown,Leisure
Cliffside Park,Business
North Hartsville,Business
Ponca City,Leisure
Manito,Leisure
Woodward,Leisure
Lake Delton,Leisure
New Lothrop,Leisure
Spring Branch,Leisure
Newberg,Leisure
Eliasville,Business
Statesville,Leisure
Minam,Leisure
Boulder Junction,Leisure
Clifton Heights,Leisure
Sicard,Leisure
Mayfield Heights,Leisure
Cowarts,Business
Beaconsfield,Business
Lake Pine,Leisure
Chino,Leisure
Graf,Leisure
Elk Valley,Business
Orpha,Business
Manorville,Leisure
Lyndon Station,Leisure
Ravenna,Leisure
Whitman,Business
Blackford,Leisure
